{"EBU": {"errors": {"432": [{"swc_id": 110, "severity": "Medium", "type": "Assertion Failure", "individual": [{"transaction": {"from": "0xcafebabecafebabecafebabecafebabecafebabe", "to": "0x2c5e8a3b3aad9df32339409534e64dfcabcd3a65", "value": 0, "gaslimit": 4500000, "data": "0x11be40e0000000000000000000000000cafebabecafebabecafebabecafebabecafebabe000000000000000000000000deadbeefdeadbeefdeadbeefdeadbeefdeadbeef000000000000000000000000000000000000000000000000000000000000008000000000000000000000000000000000000000000000000000000000000000c00000000000000000000000000000000000000000000000000000000000000001000000000000000000000000deadbeefdeadbeefdeadbeefdeadbeefdeadbeef0000000000000000000000000000000000000000000000000000000000000000"}, "block": {}, "global_state": {"call_return": {"null": null}, "extcodesize": {"null": null}}, "environment": {"returndatasize": {"null": null}}}], "time": 0.01618361473083496, "line": 16, "column": 1, "source_code": "v[i]"}], "590": [{"swc_id": 104, "severity": "Medium", "type": "Unhandled Exception", "individual": [{"transaction": {"from": "0xcafebabecafebabecafebabecafebabecafebabe", "to": "0x2c5e8a3b3aad9df32339409534e64dfcabcd3a65", "value": 0, "gaslimit": 4500000, "data": "0x11be40e0000000000000000000000000deadbeefdeadbeefdeadbeefdeadbeefdeadbeef000000000000000000000000cafebabecafebabecafebabecafebabecafebabe000000000000000000000000000000000000000000000000000000000000008000000000000000000000000000000000000000000000000000000000000000c00000000000000000000000000000000000000000000000000000000000000001000000000000000000000000deadbeefdeadbeefdeadbeefdeadbeefdeadbeef000000000000000000000000000000000000000000000000000000000000000277d1d880f4d3bcf8c193a558727e13e6ee4b88f4f0c2355bf21fb0497321ab04fffffffffffffffffffffffffffffffffffffffffffffffffffffffffffffffd"}, "block": {}, "global_state": {"call_return": {"null": null}, "extcodesize": {"null": null}}, "environment": {"returndatasize": {"null": null}}}], "time": 0.051145076751708984, "line": 16, "column": 1, "source_code": "caddress.call(id,from,_tos[i],v[i])"}]}, "generations": [{"generation": 0, "time": 0.027746915817260742, "total_transactions": 5, "unique_transactions": 4, "code_coverage": 69.80609418282549, "branch_coverage": 71.42857142857143}, {"generation": 1, "time": 0.05882716178894043, "total_transactions": 9, "unique_transactions": 7, "code_coverage": 98.61495844875347, "branch_coverage": 85.71428571428571}, {"generation": 2, "time": 0.12998032569885254, "total_transactions": 13, "unique_transactions": 11, "code_coverage": 98.61495844875347, "branch_coverage": 85.71428571428571}, {"generation": 3, "time": 0.20622920989990234, "total_transactions": 17, "unique_transactions": 15, "code_coverage": 99.44598337950139, "branch_coverage": 92.85714285714286}, {"generation": 4, "time": 0.25345945358276367, "total_transactions": 21, "unique_transactions": 19, "code_coverage": 99.44598337950139, "branch_coverage": 92.85714285714286}, {"generation": 5, "time": 0.3056316375732422, "total_transactions": 24, "unique_transactions": 22, "code_coverage": 99.44598337950139, "branch_coverage": 92.85714285714286}, {"generation": 6, "time": 0.367412805557251, "total_transactions": 28, "unique_transactions": 24, "code_coverage": 99.44598337950139, "branch_coverage": 92.85714285714286}, {"generation": 7, "time": 0.45777225494384766, "total_transactions": 32, "unique_transactions": 28, "code_coverage": 99.44598337950139, "branch_coverage": 92.85714285714286}, {"generation": 8, "time": 0.5164098739624023, "total_transactions": 36, "unique_transactions": 32, "code_coverage": 99.44598337950139, "branch_coverage": 92.85714285714286}, {"generation": 9, "time": 0.5728147029876709, "total_transactions": 40, "unique_transactions": 35, "code_coverage": 99.44598337950139, "branch_coverage": 92.85714285714286}, {"generation": 10, "time": 0.6195940971374512, "total_transactions": 44, "unique_transactions": 39, "code_coverage": 99.44598337950139, "branch_coverage": 92.85714285714286}], "transactions": {"total": 44, "per_second": 70.00846173951605}, "code_coverage": {"percentage": 99.44598337950139, "covered": 359, "total": 361, "covered_with_children": 359, "total_with_children": 0}, "branch_coverage": {"percentage": 92.85714285714286, "covered": 13, "total": 14}, "execution_time": 0.628495454788208, "memory_consumption": 66.5390625, "address_under_test": "0x2c5e8a3b3aad9df32339409534e64dfcabcd3a65", "seed": 1427655.0}}