{"EBU": {"errors": {"661": [{"swc_id": 104, "severity": "Medium", "type": "Unhandled Exception", "individual": [{"transaction": {"from": "0x9797055b68c5dadde6b3c7d5d80c9cfe2eece6c9", "to": "0x2c5e8a3b3aad9df32339409534e64dfcabcd3a65", "value": 0, "gaslimit": 4500000, "data": "0xffc3a769000000000000000000000000000000000000000000000000000000000000004000000000000000000000000000000000000000000000000000000000000000a00000000000000000000000000000000000000000000000000000000000000002000000000000000000000000deadbeefdeadbeefdeadbeefdeadbeefdeadbeef000000000000000000000000cafebabecafebabecafebabecafebabecafebabe000000000000000000000000000000000000000000000000000000000000000239c667aeed18ed67f107ef78953fee29d7faa81579b28283a9522fde065e79cb0000000000000000000000000000000000000000000000000000000000000000"}, "block": {}, "global_state": {"call_return": {"null": null}, "extcodesize": {"null": null}}, "environment": {"returndatasize": {"null": null}}}], "time": 0.23671483993530273, "line": 19, "column": 1, "source_code": "caddress.call(id,from,_tos[i],v[i]*1000000000000000000)"}], "545": [{"swc_id": 110, "severity": "Medium", "type": "Assertion Failure", "individual": [{"transaction": {"from": "0x9797055b68c5dadde6b3c7d5d80c9cfe2eece6c9", "to": "0x2c5e8a3b3aad9df32339409534e64dfcabcd3a65", "value": 0, "gaslimit": 4500000, "data": "0xffc3a769000000000000000000000000000000000000000000000000000000000000004000000000000000000000000000000000000000000000000000000000000000a00000000000000000000000000000000000000000000000000000000000000002000000000000000000000000deadbeefdeadbeefdeadbeefdeadbeefdeadbeef000000000000000000000000cafebabecafebabecafebabecafebabecafebabe0000000000000000000000000000000000000000000000000000000000000000"}, "block": {}, "global_state": {"call_return": {"null": null}, "extcodesize": {"null": null}}, "environment": {"returndatasize": {"null": null}}}], "time": 0.3577384948730469, "line": 19, "column": 1, "source_code": "v[i]"}]}, "generations": [{"generation": 0, "time": 0.03510737419128418, "total_transactions": 9, "unique_transactions": 8, "code_coverage": 53.5483870967742, "branch_coverage": 58.333333333333336}, {"generation": 1, "time": 0.08733534812927246, "total_transactions": 17, "unique_transactions": 13, "code_coverage": 53.5483870967742, "branch_coverage": 62.5}, {"generation": 2, "time": 0.16535496711730957, "total_transactions": 24, "unique_transactions": 18, "code_coverage": 53.5483870967742, "branch_coverage": 62.5}, {"generation": 3, "time": 0.23978090286254883, "total_transactions": 31, "unique_transactions": 23, "code_coverage": 98.70967741935483, "branch_coverage": 87.5}, {"generation": 4, "time": 0.3157975673675537, "total_transactions": 39, "unique_transactions": 29, "code_coverage": 98.70967741935483, "branch_coverage": 87.5}, {"generation": 5, "time": 0.44617772102355957, "total_transactions": 47, "unique_transactions": 35, "code_coverage": 99.56989247311829, "branch_coverage": 95.83333333333334}, {"generation": 6, "time": 0.5578572750091553, "total_transactions": 54, "unique_transactions": 41, "code_coverage": 99.56989247311829, "branch_coverage": 95.83333333333334}, {"generation": 7, "time": 0.6768949031829834, "total_transactions": 61, "unique_transactions": 46, "code_coverage": 99.56989247311829, "branch_coverage": 95.83333333333334}, {"generation": 8, "time": 0.8147921562194824, "total_transactions": 69, "unique_transactions": 51, "code_coverage": 99.56989247311829, "branch_coverage": 95.83333333333334}, {"generation": 9, "time": 0.9543960094451904, "total_transactions": 77, "unique_transactions": 58, "code_coverage": 99.56989247311829, "branch_coverage": 95.83333333333334}, {"generation": 10, "time": 1.0650956630706787, "total_transactions": 84, "unique_transactions": 62, "code_coverage": 99.56989247311829, "branch_coverage": 95.83333333333334}], "transactions": {"total": 84, "per_second": 78.86412517207803}, "code_coverage": {"percentage": 99.56989247311829, "covered": 463, "total": 465, "covered_with_children": 463, "total_with_children": 0}, "branch_coverage": {"percentage": 95.83333333333334, "covered": 23, "total": 24}, "execution_time": 1.0651230812072754, "memory_consumption": 68.01953125, "address_under_test": "0x2c5e8a3b3aad9df32339409534e64dfcabcd3a65", "seed": 1427655.0}}